Category ID,Category Name,Tone,Prompt for GPT-2 XL
0,Sports,Enthusiastic / First-Person,"The stadium was absolutely electric as the referee blew the whistle for kickoff. Standing on the pitch, my heart"
0,Sports,Enthusiastic / First-Person,"As an athlete, nothing compares to the grueling training sessions that lead up to match day. When I stepped"
0,Sports,Enthusiastic / First-Person,"The crowd roared in unison as the championship game entered its final, tense minute. From the bleachers, we"
0,Sports,Enthusiastic / First-Person,"My coach always told me that champions are made when nobody is watching. Standing at the starting blocks, I"
0,Sports,Enthusiastic / First-Person,The sound of sneakers squeaking on the hardwood court always gets my adrenaline pumping. During our team's
0,Sports,Enthusiastic / First-Person,Being a die-hard football fan means riding a wave of pure emotion every single weekend. When our striker scored
0,Sports,Enthusiastic / First-Person,We trailed by two points with only five seconds left on the clock. The quarterback looked right at me
0,Sports,Enthusiastic / First-Person,"Crossing the finish line after a grueling marathon is a feeling I will never forget. My legs were burning, but"
0,Sports,Enthusiastic / First-Person,The atmosphere at the tennis open was intense as the top seed stepped up to serve for the match.
0,Sports,Enthusiastic / First-Person,Our local sports club finally made it to the grand final this year. Watching the team lift the trophy
1,Narrative / Fiction,Immersive / Creative,"The ancient starship drifted silently through the dark void, its crew deep in cryogenic sleep until a sudden"
1,Narrative / Fiction,Immersive / Creative,"Deep within the whispers of the enchanted forest, a lone elven ranger discovered a glowing artifact that"
1,Narrative / Fiction,Immersive / Creative,"The storm howled outside the abandoned Victorian manor, but the true terror began when the grandfather clock"
1,Narrative / Fiction,Immersive / Creative,"In a world where magic was strictly outlawed, a young apprentice accidentally summoned a creature of pure"
1,Narrative / Fiction,Immersive / Creative,"The detective stepped into the neon-lit alleyway of New Neo-Tokyo, tracking a cybernetic assassin whose"
1,Narrative / Fiction,Immersive / Creative,"For centuries, the dragon slept beneath the iron mountains, but human greed finally woke it from its"
1,Narrative / Fiction,Immersive / Creative,"I opened the old diary I found in the attic, only to realize the entries were detailing my own murder"
1,Narrative / Fiction,Immersive / Creative,The alchemy lab smelled of sulfur and ozone as the professor finalized the serum to unlock human telepathy.
1,Narrative / Fiction,Immersive / Creative,"As the fog rolled into the sleepy coastal village, the shadows on the wall detached themselves and began to"
1,Narrative / Fiction,Immersive / Creative,"Time travel was supposed to be a closely guarded secret, but my grandfather left me the keys to his"
1,Narrative / Fiction,Immersive / Creative,The spaceship's proximity alarms blared wildly as an unidentified wormhole suddenly opened right in front of
1,Narrative / Fiction,Immersive / Creative,"A cursed antique mirror arrived at her doorstep with no return address, and the reflection didn't mimic her"
1,Narrative / Fiction,Immersive / Creative,The prophecy foretold that a child born under the eclipse would wield the power to overthrow the dark emperor.
1,Narrative / Fiction,Immersive / Creative,"Civilization retreated into deep underground bunkers after the sun grew too hot to bear, but today we"
1,Narrative / Fiction,Immersive / Creative,"The vampire lord sat quietly at the piano, playing a haunting melody that echoed through the empty castle hall."
1,Narrative / Fiction,Immersive / Creative,"Searching through the ruins of the forgotten temple, our archeology team triggered a mechanical trap that"
1,Narrative / Fiction,Immersive / Creative,"A rogue artificial intelligence seized control of the city's power grid, leaving behind a cryptic message that"
1,Narrative / Fiction,Immersive / Creative,"The old lighthouse keeper noticed that the light wasn't warning ships away from the rocks, but rather"
1,Narrative / Fiction,Immersive / Creative,"Stranded on a bizarre alien planet with purple vegetation, the astronaut realized his oxygen supply was"
1,Narrative / Fiction,Immersive / Creative,The wizard drew a glowing protective circle in the dirt just as the horde of dark spirits descended upon
2,Cars,Analytical / Informative,"When evaluating the price of a modern luxury sedan, automotive enthusiasts must take into consideration the"
2,Cars,Analytical / Informative,"The market for compact crossover vehicles has exploded recently, driving manufacturers to offer more standard"
2,Cars,Analytical / Informative,"Upgrading to a premium V8 sports car offers unparalleled performance, though buyers should watch out for"
2,Cars,Analytical / Informative,Dealerships are adjusting their vehicle pricing models this quarter due to changes in automotive manufacturing
2,Cars,Analytical / Informative,Comparing a luxury SUV to a standard family crossover reveals major differences in interior materials and
2,Cars,Analytical / Informative,"For automotive hobbyists, maintaining a classic turbocharged sports car requires specialized knowledge of"
2,Cars,Analytical / Informative,The resale value of electric vehicles and luxury cars depends heavily on battery health and dealership
2,Cars,Analytical / Informative,"Selecting the right vehicle type for daily commuting involves balancing fuel economy, cargo space, and"
2,Cars,Analytical / Informative,Automotive journalists frequently debate whether high-end luxury vehicles justify their steep sticker prices
2,Cars,Analytical / Informative,A thorough review of the latest mid-size crossovers shows that safety features are now the primary selling
3,Climate / Energy,Objective / Serious,Reducing global carbon dioxide emissions requires a massive transition from traditional fossil fuels toward
3,Climate / Energy,Objective / Serious,The environmental impact of greenhouse gases is driving international policies to combat global warming by
3,Climate / Energy,Objective / Serious,Investing in clean energy infrastructure is essential for lowering industrial CO₂ outputs and protecting
3,Climate / Energy,Objective / Serious,The global energy transition faces significant hurdles as nations attempt to phase out coal-fired power
3,Climate / Energy,Objective / Serious,Scientists studying global warming trends emphasize the urgent need to monitor methane and carbon emissions
3,Climate / Energy,Objective / Serious,Renewable energy alternatives like solar and wind power are successfully displacing fossil fuels in the
3,Climate / Energy,Objective / Serious,Formulating effective policies for climate action involves balancing economic growth with strict emission
3,Climate / Energy,Objective / Serious,The transition away from fossil fuels is transforming the utility sector as smart grids adopt clean energy
3,Climate / Energy,Objective / Serious,"To prevent the worst effects of global warming, heavy industries must adopt carbon capture systems for CO₂"
3,Climate / Energy,Objective / Serious,Public and private sectors are collaborating to fund innovative energy technologies that minimize carbon
4,DIY / Fabrics,Instructive / Practical,Reupholstering an old armchair is a fantastic home DIY project that can completely transform your living
4,DIY / Fabrics,Instructive / Practical,"When starting a new sewing project, choosing the correct textile fabric is crucial for achieving a professional"
4,DIY / Fabrics,Instructive / Practical,Learning how to measure and cut upholstery foam ensures that your custom furniture cushions fit perfectly
4,DIY / Fabrics,Instructive / Practical,"For this simple home DIY crafting guide, we will explore creative sewing patterns using cotton fabrics"
4,DIY / Fabrics,Instructive / Practical,Restoring vintage furniture involves carefully removing the old upholstery fabric before repairing the underlying
4,DIY / Fabrics,Instructive / Practical,Basic sewing machine maintenance is highly recommended for anyone interested in textile arts and DIY home
4,DIY / Fabrics,Instructive / Practical,"To create durable outdoor cushions, look for heavy-duty upholstery fabrics that resist water and sun"
4,DIY / Fabrics,Instructive / Practical,This weekend DIY home improvement tutorial covers how to install custom drapery using premium linen fabric
4,DIY / Fabrics,Instructive / Practical,Exploring different stitching techniques allows garment designers to manipulate delicate textile materials
4,DIY / Fabrics,Instructive / Practical,A step-by-step guide to choosing durable upholstery velvet for your next living room DIY remodel project
5,Nutrition / Dietary Health,Informative / Health-Conscious,Monitoring your daily intake of refined sugar and excessive caffeine is a vital step toward improving
5,Nutrition / Dietary Health,Informative / Health-Conscious,Designing a balanced nutritional diet requires tracking macronutrients rather than simply cutting out calories
5,Nutrition / Dietary Health,Informative / Health-Conscious,Healthy eating habits are built on whole foods that provide sustained energy without a sudden blood sugar
5,Nutrition / Dietary Health,Informative / Health-Conscious,Understanding how hidden calories in processed beverages affect your overall dietary health can help you
5,Nutrition / Dietary Health,Informative / Health-Conscious,High caffeine consumption coupled with poor nutrition can disrupt sleep cycles and metabolic health
5,Nutrition / Dietary Health,Informative / Health-Conscious,"A well-rounded dietary plan focuses on nutrient density, ensuring you get vitamins without empty calories"
5,Nutrition / Dietary Health,Informative / Health-Conscious,Registered dietitians agree that reducing sugar intake drastically lowers the risk of chronic metabolic
5,Nutrition / Dietary Health,Informative / Health-Conscious,Evaluating the nutritional value of popular weight-loss diets reveals that long-term health depends on
5,Nutrition / Dietary Health,Informative / Health-Conscious,Incorporating healthy fats and lean proteins into your daily nutrition plan stabilizes blood sugar levels
5,Nutrition / Dietary Health,Informative / Health-Conscious,Calculating your base metabolic rate helps determine the exact number of daily calories required for
6,Study / Learning,Educational / Practical,Utilizing spaced repetition systems like Anki flashcards can significantly accelerate your long-term memorization
6,Study / Learning,Educational / Practical,Developing effective study techniques involves active recall and breaking down complex concepts into
6,Study / Learning,Educational / Practical,"To optimize your learning strategies, try pairing focused study intervals with brief mental breaks"
6,Study / Learning,Educational / Practical,Students looking to master difficult academic subjects should replace passive reading with active study
6,Study / Learning,Educational / Practical,Designing an efficient Anki deck requires concise card creation to maximize information retention and
6,Study / Learning,Educational / Practical,Cognitive science research demonstrates that distributed practice is a superior learning strategy compared to
6,Study / Learning,Educational / Practical,Improving your memorization skills for comprehensive exams is easiest when you employ visual mind maps
6,Study / Learning,Educational / Practical,Advanced study methods like the Feynman technique require explaining a topic simply to cement your own
6,Study / Learning,Educational / Practical,Integrating digital flashcards into your daily learning routine ensures that vocabulary words are permanently
6,Study / Learning,Educational / Practical,A structured approach to academic learning focuses on conceptual understanding before attempting rote memorization
7,Movies / TV,Critical / Entertaining,Our latest movie review breaks down why this summer blockbuster's script completely fell apart in the
7,Movies / TV,Critical / Entertaining,This critically acclaimed TV series features brilliant ensemble acting and complex storytelling that keeps
7,Movies / TV,Critical / Entertaining,Entertainment commentators are widely praising the director's bold cinematic choices in the new drama
7,Movies / TV,Critical / Entertaining,The season finale of this popular streaming television show left fans with a massive cliffhanger that
7,Movies / TV,Critical / Entertaining,Writing an honest movie review means acknowledging when impressive visual special effects cannot save a
7,Movies / TV,Critical / Entertaining,Audiences are tuning into the new mystery series on television because of its exceptional character development
7,Movies / TV,Critical / Entertaining,The latest Hollywood entertainment news reports that a long-awaited sequel film has finally entered production
7,Movies / TV,Critical / Entertaining,A deep-dive review of the classic television sitcom shows how its witty humor influenced modern broadcasting
7,Movies / TV,Critical / Entertaining,The indie movie captured the hearts of film festival judges thanks to its emotional screenplay and
7,Movies / TV,Critical / Entertaining,Streaming platforms are dominating the entertainment industry by renewing high-budget sci-fi series for
8,Computing / Software,Technical / Instructional,"To properly configure your secure cloud services, you must first verify your account credentials and"
8,Computing / Software,Technical / Instructional,This step-by-step software installation guide will walk you through setting up the development environment
8,Computing / Software,Technical / Instructional,Managing deep system directories requires a solid understanding of hidden files and operating system
8,Computing / Software,Technical / Instructional,"For reliable data backups, synchronization with an encrypted cloud service provider is highly recommended for"
8,Computing / Software,Technical / Instructional,"If you encounter an error during the software installation process, check your local log files for"
8,Computing / Software,Technical / Instructional,Efficient file management practices include organizing your system directories and deleting corrupted temporary
8,Computing / Software,Technical / Instructional,This technology how-to article explains how to deploy scalable software applications using modern cloud
8,Computing / Software,Technical / Instructional,"Before running the executable software installation package, ensure your operating system meets the minimum"
8,Computing / Software,Technical / Instructional,Backing up critical configuration files prevents accidental data loss when migrating to a new cloud
8,Computing / Software,Technical / Instructional,Optimizing your storage space involves archiving old project files and migrating them to a cloud
9,Video Games,Enthusiastic / Analytical,This ambitious new indie game completely redefines the classic isometric RPG genre with its deeply branching
9,Video Games,Enthusiastic / Analytical,Our comprehensive video game review takes a look at a highly successful Kickstarter project that finally
9,Video Games,Enthusiastic / Analytical,Fans of tactical RPG games will appreciate the complex combat mechanics and deep character customization in
9,Video Games,Enthusiastic / Analytical,The development team launched a creative Kickstarter campaign to fund their upcoming retro-styled indie
9,Video Games,Enthusiastic / Analytical,A critical review of the open-world action RPG reveals stunning artistic graphics but repetitive quest
9,Video Games,Enthusiastic / Analytical,Passionate indie game developers are utilizing crowdfunding platforms like Kickstarter to maintain total creative
9,Video Games,Enthusiastic / Analytical,"The gaming community is eagerly anticipating the patch update for the multiplayer RPG, which promises to"
9,Video Games,Enthusiastic / Analytical,Our editorial gaming review highlights why this pixel-art indie title is a strong contender for
9,Video Games,Enthusiastic / Analytical,Securing full funding on Kickstarter allowed the small studio to expand the lore of their fantasy
9,Video Games,Enthusiastic / Analytical,Exploring the hidden secrets of this massive sci-fi RPG provides hours of engaging gameplay for
10,Crime / Justice,Serious / Reporting,Local police activity intensified late last night following reports of a dangerous downtown shooting incident
10,Crime / Justice,Serious / Reporting,Legal correspondents are following the high-profile court case as prosecutors present critical forensic evidence to
10,Crime / Justice,Serious / Reporting,Authorities confirmed the arrest of a prominent suspect linked to a series of commercial burglary crimes
10,Crime / Justice,Serious / Reporting,The evening crime report detailed a swift response by law enforcement officers to a bank robbery
10,Crime / Justice,Serious / Reporting,"Following a thorough investigation, the police precinct announced multiple arrests in connection with the fraudulent"
10,Crime / Justice,Serious / Reporting,The judge scheduled the formal court case hearings to begin early next month after defense attorneys
10,Crime / Justice,Serious / Reporting,Breaking crime news indicates that a suspect was taken into custody without incident after a brief
10,Crime / Justice,Serious / Reporting,Eye-witness testimony played a pivotal role during the opening day of the criminal justice court case
10,Crime / Justice,Serious / Reporting,Law enforcement officials are urging community members to report any suspicious activity to aid the police
10,Crime / Justice,Serious / Reporting,"The grand jury returned an indictment, moving the complex financial fraud crime case closer to trial"
11,Politics / Economics,Objective / Analytical,Analysts evaluating the upcoming US elections are focusing heavily on voting trends across key battleground
11,Politics / Economics,Objective / Analytical,Public discussions surrounding Donald Trump's latest economic policy proposals continue to dominate political commentary
11,Politics / Economics,Objective / Analytical,"National job growth data indicates a steady stabilization of the market, though macroeconomic challenges still"
11,Politics / Economics,Objective / Analytical,Debates over international trade tariffs remain a core topic of discussion among leading political economics
11,Politics / Economics,Objective / Analytical,Campaign strategies for the US elections are prioritizing local infrastructure projects and domestic job creation
11,Politics / Economics,Objective / Analytical,A comprehensive look at the administration's economic record highlights shifting patterns in manufacturing jobs and
11,Politics / Economics,Objective / Analytical,Political commentary features deep disagreements regarding how inflation rates impact the average working class voter
11,Politics / Economics,Objective / Analytical,Candidates competing in the primary elections are tailoring their speeches to focus on pressing economic issues
11,Politics / Economics,Objective / Analytical,The relationship between legislative policies and corporate job market expansion remains a central focus of
11,Politics / Economics,Objective / Analytical,Financial experts warn that political instability leading up to major national elections can cause market